Folder,File
Blu-Ray,Alvin And The Chipmunks - Chipwrecked (2011) - 1080p
Blu-Ray,Angry Birds Movie (2016) - 1080p
Blu-Ray,Animals United (2010) - 1080p
Blu-Ray,Arthur (2011) {7823} - 1080p
Blu-Ray,Asterix - Mansion Of The Gods (2014) - 1080p
Blu-Ray,Beauty And The Beast (1991) [Animated] - 1080p
Blu-Ray,Beauty And The Beast (2017) - 1080p
Blu-Ray,Bedtime Stories (2008) - 1080p
Blu-Ray,BFG (2016) - 1080p
Blu-Ray,Big Hero 6 (2014) - 1080P
Blu-Ray,Bolt (2008) - 1080p
Blu-Ray,Book Of Life (2014) - 1080p
Blu-Ray,Boss Baby (2017) - 1080p
Blu-Ray,Boxtrolls (2014) - 1080p
Blu-Ray,Brave (2012) - 1080p
Blu-Ray,Bugs Life (1998) - 1080p
Blu-Ray,Cars (2006) - 1080p
Blu-Ray,Cars 2 (2011) - 1080p
Blu-Ray,Cars 3 (2017) - 1080p
Blu-Ray,Cats And Dogs 2 - The Revenge Of Kitty Galore (2010) - 1080p
Blu-Ray,Chitty Chitty Bang Bang (1968) - 1080p
Blu-Ray,Cloudy With A Chance Of Meatballs (2009) - 1080p
Blu-Ray,Cloudy With A Chance Of Meatballs 2 (2013) - 1080p
Blu-Ray,Coco (2017) - 1080p
Blu-Ray,Coraline (2009) - 1080p
Blu-Ray,Croods (2013) - 1080p
Blu-Ray,Despicable Me (2010) - 1080p
Blu-Ray,Despicable Me 2 (2013) {179} - 1080p
Blu-Ray,Despicable Me 3 (2017) - 1080p
Blu-Ray,Dumbo (2019) - 1080p
Blu-Ray,Emoji Movie (2017) - 1080p
Blu-Ray,Epic (2013) - 1080p
Blu-Ray,Escape From Planet Earth (2013) - 1080p
Blu-Ray,Fantasia (1940) - 1080p
Blu-Ray,Finding Dory (2016) - 1080p
Blu-Ray,Finding Nemo (2003) - 1080P
Blu-Ray,Frankenweenie (2012) - 1080p
Blu-Ray,Frozen (2013) - 1080p
Blu-Ray,Frozen 2 (2019) - 1080p
Blu-Ray,Gnomeo And Juliet (2011) - 1080p
Blu-Ray,Good Dinosaur (2015) - 1080p
Blu-Ray,Goonies (1985) - 1080p
Blu-Ray,Grinch (2018) - 1080p
Blu-Ray,Happy Feet Two (2011) - 1080p
Blu-Ray,Home (2015) - 1080p
Blu-Ray,Hop (2011) - 1080p
Blu-Ray,Hotel Transylvania (2012) - 1080p
Blu-Ray,Hotel Transylvania 2 (2015) - 1080p
Blu-Ray,House Of Magic (2013) - 1080p
Blu-Ray,How The Grinch Stole Christmas (2000) - 1080p
Blu-Ray,How To Train Your Dragon - Hidden World (2019) - 1080p
Blu-Ray,How To Train Your Dragon 2 (2014) - 1080p
Blu-Ray,Ice Age - A Mammoth Christmas (2011) - 1080p
Blu-Ray,Ice Age 1 (2002) - 1080p
Blu-Ray,Ice Age 2 - The Meltdown (2006) - 1080p
Blu-Ray,Ice Age 3 - Dawn Of The Dinosaurs (2009) - 1080p
Blu-Ray,Ice Age 4 - Continental Drift (2012) - 1080p
Blu-Ray,Ice Age 5 - Collision Course (2016) - 1080p
Blu-Ray,IF (2024) - 1080p
Blu-Ray,Incredibles (2004) - 1080p
Blu-Ray,Incredibles 2 (2018) - 1080p
Blu-Ray,Inside Out (2015) - 1080p
Blu-Ray,Jungle Book (1967) - 1080p
Blu-Ray,Jungle Book [Live] (2016) - 1080p
Blu-Ray,Jungle Safari (2012) - 1080p
Blu-Ray,Justin And The Knights Of Valour (2013) - 1080p
Blu-Ray,Khumba - A Zebras Tale (2013) - 1080p
Blu-Ray,Kubo And The Two Strings (2016) - 1080p
Blu-Ray,Kung Fu Panda (2008) - 1080p
Blu-Ray,Kung Fu Panda 2 (2011) - 1080p
Blu-Ray,Kung Fu Panda 3 (2016) - 1080p
Blu-Ray,Lady And The Tramp (1955) - 1080p
Blu-Ray,Legend Of The Guardians (2010) - 1080P
Blu-Ray,Lego Batman Movie (2017) - 1080p
Blu-Ray,Lego Movie (2014) - 1080p
Blu-Ray,Lego Movie 2 - The Second Part (2019) - 1080p
Blu-Ray,Lego Ninjago Movie (2017) - 1080p
Blu-Ray,Lion King (1994) - 1080p
Blu-Ray,Lion King [Live] (2019) - 1080p
Blu-Ray,Lorax (2012) - 1080p
Blu-Ray,Madagascar - Escape 2 Africa (2008) {448} - 1080p
Blu-Ray,Madagascar 3 - Europes Most Wanted (2012) - 1080p
Blu-Ray,Marmaduke (2010) - 1080p
Blu-Ray,Megamind (2010) - 1080p
Blu-Ray,Minions (2015) - 1080p
Blu-Ray,Moana (2016) - 1080p
Blu-Ray,Monster House (2006) - 1080p
Blu-Ray,Monster In Paris (2011) - 1080p
Blu-Ray,Monsters Inc (2001) - 1080p
Blu-Ray,Monsters University (2013) - 1080p
Blu-Ray,Monsters Vs Aliens (2009) - 1080p
Blu-Ray,Mr Peabody And Sherman (2014) - 1080p
Blu-Ray,Mr Poppers Penguins (2011) - 1080p
Blu-Ray,Nanny McPhee - The Big Bang (2010) - 1080p
Blu-Ray,Nut Job (2014) - 1080p
Blu-Ray,Onward (2020) - 1080p
Blu-Ray,Open Season (2006) - 1080p
Blu-Ray,Paddington (2015) - 1080p
Blu-Ray,Paddington 2 (2017) - 1080p
Blu-Ray,Peanuts Movie (2015) - 1080p
Blu-Ray,Penguins Of Madagascar (2014) - 1080p
Blu-Ray,Pirates In An Adventure With Scientists (2012) - 1080p
Blu-Ray,Planes (2013) - 1080p
Blu-Ray,Planes 2 - Fire And Rescue (2014) - 1080p
Blu-Ray,Pokemon Detective Pikachu (2019) - 1080p
Blu-Ray,Puss In Boots (2011) - 1080p
Blu-Ray,Ralph Breaks The Internet (2018) - 1080p
Blu-Ray,Rango (2011) - 1080p
Blu-Ray,Ratatouille (2007) - 1080p
Blu-Ray,Rio (2011) - 1080p
Blu-Ray,Rio 2 (2014) - 1080p
Blu-Ray,Rise Of The Guardians (2012) - 1080p
Blu-Ray,Saving Santa (2013) - 1080p
Blu-Ray,Secret Life Of Pets (2016) - 1080p
Blu-Ray,Secret Life Of Pets 2 (2019) - 1080p
Blu-Ray,Shaun The Sheep Movie (2015) - 1080p
Blu-Ray,Shrek (2001) - 1080p
Blu-Ray,Shrek 2 (2004) - 1080p
Blu-Ray,Shrek 3 (2007) - 1080p
Blu-Ray,Shrek 4 - Forever After (2010) - 1080p
Blu-Ray,Sing (2016) - 1080p
Blu-Ray,Smurfs 1 (2011) - 1080p
Blu-Ray,Smurfs 2 (2013) - 1080p
Blu-Ray,Smurfs 3 - The Lost Village (2017) - 1080p
Blu-Ray,Space Jam - A New Legacy (2021) - 1080p
Blu-Ray,Spongebob Movie - Sponge Out Of Water (2015) - 1080p
Blu-Ray,Spy Kids 4 - All The Time In The World (2011) - 1080p
Blu-Ray,Storks (2016) - 1080p
Blu-Ray,Swallows And Amazons (2016) - 1080p
Blu-Ray,Tad The Explorer (2012) - 1080p
Blu-Ray,Tangled (2010) - 1080p
Blu-Ray,Tarzan (2013) - 1080p
Blu-Ray,Teenage Mutant Ninja Turtles - Out Of The Shadows (2016) - 1080p
Blu-Ray,Teenage Mutant Ninja Turtles (2014) - 1080p
Blu-Ray,Top Cat - The Movie (2011) - 1080p
Blu-Ray,Toy Story (1995) - 1080p
Blu-Ray,Toy Story 2 (1999) - 1080p
Blu-Ray,Toy Story 3 (2010) {329} - 1080p
Blu-Ray,Toy Story 4 (2019) - 1080p
Blu-Ray,Trolls - World Tour (2020) - 1080p
Blu-Ray,Trolls (2016) - 1080p
Blu-Ray,Trolls Band Together (2023) - 1080p
Blu-Ray,Turbo (2013) - 1080p
Blu-Ray,Turtles Tale - Sammys Adventures (2010) - 1080p
Blu-Ray,Turtles Tale 2 - Sammys Escape From Paradise (2012) - 1080p
Blu-Ray,Up (2009) - 1080p
Blu-Ray,Wall-E (2008) - 1080p
Blu-Ray,Wild (2006) - 1080p
Blu-Ray,Wild Robot (2024) - 1080p
Blu-Ray,Wizard Of Oz (1939) - 1080p
Blu-Ray,Wreck-It Ralph (2012) - 1080p
Blu-Ray,Yogi Bear (2010) - 1080p
Blu-Ray,Zookeeper (2011) - 1080p
Blu-Ray,Zootropolis (2016) - 1080p
DVD,101 Dalmations (1996) - 576p
DVD,9 (2009) - 576p
DVD,Aristocats (1970) - 576p
DVD,Babe (1995) - 576p
DVD,Bedknobs And Broomsticks (1971) - 576p
DVD,Beethoven (1992) - 576p
DVD,Charlottes Web (2006) - 576p
DVD,Chicken Run (2000) - 576p
DVD,Cool Runnings (1993) - 576p
DVD,Corpse Bride (2005) - 576p
DVD,Daddy Day Care (2003) - 576p
DVD,Dr Dolittle (1998) - 576p
DVD,Dr Dolittle 2 (2001) - 576p
DVD,Evan Almighty (2007) - 576p
DVD,Flight Of The Navigator (1986) - 576p
DVD,Freaky Friday (2003) - 576p
DVD,Free Willy (1993) - 576p
DVD,Herbie Goes Bananas (1980) - 576p
DVD,Looney Tunes - Back In Action (2003) - 576p
DVD,Mary Poppins (1964) - 576p
DVD,Matilda (1996) - 576p
DVD,Mrs Doubtfire (1993) - 576p
DVD,Muppets (2011) - 576p
DVD,Pacifier (2005) - 576p
DVD,Parent Trap (1998) - 576p
DVD,Paul Blart - Mall Cop (2009) - 576p
DVD,Paul Blart - Mall Cop 2 (2015) - 576p
DVD,Peter Rabbit (2018) - 576p
DVD,Racing Stripes (2005) - 576p
DVD,Rescuers (1977) - 576p
DVD,Rescuers Down Under (1990) - 576p
DVD,Robots (2005) - 576p
DVD,Short Circuit (1986) - 480p
DVD,Short Circuit 2 (1988) - 480p
DVD,Simpsons Movie (2007) - 576p
DVD,Sister Act (1992) - 576p
DVD,Sister Act 2 - Back In The Habit (1993) - 576p
DVD,Small Soldiers (1998) - 480p
DVD,Spiderwick Chronicles (2008) - 576p
DVD,Sword In The Stone (1963) - 576p
DVD,Tom And Jerry (2021) - 576p
DVD,Tooth Fairy (2010) - 576p
DVD,Tooth Fairy 2 (2012) - 576p
DVD,Wallace And Gromet - A Close Shave (1995) - 576p
DVD,Wallace And Gromet - A Grand Day Out (1990) - 576p
DVD,Wallace And Gromet - The Wrong Trousers (1993) - 576p
DVD,We Bought A Zoo (2011) - 576p
DVD,Who Framed Roger Rabbit (1988) - 576p
